paper_id,Criteria met,Justification
282,IN,The study explicitly quantifies resilience via a Resilience Index (RI = 1 − γ) within an exposure-sensitivity-resilience framework and computes RI (and EVI) from an autoregressive model (Eqs. 1–5) with reported results.
852,IN,The Methods explicitly compute a resilience index (Rs = Gpost/Gprev) and related resistance/recovery indices from basal area increment before/during/after the 1985–1986 drought and report resilience results.
242,IN,"The study explicitly quantifies drought resilience using Lloret et al. (2011) resilience components (Rt, Rc, Rs, RRs) with provided equations and calculated results for stems and roots across drought events and forest stages."
36,IN,The study explicitly quantifies resilience by computing an Ecosystem Resilience Index (ERI) with a stated formula (ERI = Σ Ai×RCi) and reports ERI results within a Vigor-Organization-Resilience-Stress (VORS) ecosystem health framework.
97,OUT,"Although resilience is mentioned conceptually, the quantitative analysis computes demographic variance buffering and stochastic growth rates (e.g., λS, CV of λt) without explicitly defining or calculating any variable as resilience or a stated proxy for resilience."
1,IN,The study explicitly quantifies ecosystem resilience (ER) within a VOR framework using the formula ER = Σ(Ai × RCi) and reports resilience values for 2012 and 2022.
207,OUT,"Although resilience is mentioned (e.g., “potential resilience effects” and “may be interpreted as structural resilience”), the study does not define or compute a resilience metric/index or explicitly state any measured variable is a proxy for resilience."
264,IN,"The study explicitly quantifies ecological network resilience by defining and calculating robustness and redundancy indices and then computing resilience via equations (24–25), reporting resilience results and shock-simulation changes."
202,IN,"The study explicitly quantifies resilience using rmax as a stated proxy for resilience, provides equations for estimating rmax, and reports calculated resilience values (e.g., daily maximum percent increase in biomass (ermax−1)×100 ranging 5–42%)."
167,IN,The paper explicitly treats functional evenness (FEve) as a proxy for community resilience and quantitatively computes and compares FEve across community types and landscape gradients.
81,IN,The study explicitly quantifies ecological resilience using a defined ER index (ERI) with a mathematical formula (Eq. 2) and computes spatiotemporal ER results.
17,IN,"The study explicitly quantifies ecosystem resilience (and resistance) using ARx model coefficients (e.g., α as resilience) and computes normalized resilience/resistance indices and a hydro-resistance index with reported spatial results."
419,IN,"The study explicitly quantifies ecological resilience by measuring resistance, heterogeneity, and recovery from Hurricane Maria, including a logistic recovery model with equations and calculated recovery times."
35,IN,The study explicitly quantifies vegetation resilience as the posterior mean of negative lag-1 autocorrelation of MODIS EVI estimated via a Bayesian dynamic linear model (equations 1–6) and reports resilience trends and changes before/after LCC and fires.
86,OUT,"Although resilience is mentioned conceptually, the study quantifies stem/biomass dynamics and liana–tree ratios but does not explicitly define or compute any resilience metric or proxy as resilience."
24,OUT,"Although “resilience” is mentioned (e.g., keywords/discussion), the study quantitatively analyzes plant/soil responses to burning and inoculation without defining, computing, or using any explicit resilience metric or stated proxy for resilience."
132,OUT,"Although resilience is discussed (for example, “reduced resilience” and TNC as an “indicator”), the study does not explicitly define or compute a quantitative resilience metric/index or state that any measured variable is a proxy for resilience."
1125,IN,"The paper explicitly defines resilience as the time required to return to pre-disturbance state and quantitatively estimates it using computed similarity/regeneration indices (e.g., Sørensen similarity and a regeneration index) plotted against time since disturbance to derive recovery/resilience periods."
157,OUT,"Although “resilience” is mentioned conceptually, the quantitative analysis computes ecological risk, connectivity (IIC/PC), and network robustness rather than an explicit resilience metric or stated proxy for resilience."
212,IN,"The Methods explicitly quantify resilience using defined indices (RT, RC, RS) plus TGR, RE, and ARR and compare observed resistance–recovery to a “line of full resilience” (resilience=1), with results reported for 1974 vs 1997."
117,IN,"The study explicitly defines resilience as recovery of photosynthesis after drought and quantitatively computes resistance, recovery, and resilience using stated formulas based on Pmax measured pre-drought, end-drought, and post-recovery."
95,OUT,"Although resilience is mentioned conceptually (e.g., “reduce the resilience of remnant populations”), the study quantitatively analyzes fecundity, hatching, development, and survivorship without defining or computing any resilience metric or explicit proxy for resilience."
114,OUT,"Resilience is only mentioned conceptually (e.g., “assessing forest resilience”) and no resilience metric/proxy is explicitly defined or quantitatively computed."
48,OUT,"Although “ecological resilience” is mentioned conceptually, the quantitative analysis only computes landscape ecological risk indices, resistance surfaces, connectivity, and MCR/gravity metrics without defining or calculating resilience (or an explicit proxy) as a measured variable."
1075,OUT,"Although resilience is discussed conceptually, the quantitative analysis measures canopy “recovery” (difference in % cover before vs after) without explicitly defining it as resilience or a proxy for resilience."
715,OUT,"Although resilience is discussed conceptually, the quantitative analysis computes z-scores, coefficients of variation, and calcification capacity to identify “oases” rather than explicitly measuring or using any variable as resilience or a stated proxy for resilience."
62,IN,The study explicitly quantifies ecosystem resilience (ER) within the VORS ecosystem health framework using a defined equation for a resilience coefficient (RCi) with assigned land-use resilience values and reports resilience results.
171,OUT,"Although “resilience” is mentioned conceptually, the study quantifies dispersal and beak/wing trait shifts after flooding but does not define, compute, or use any resilience metric/proxy in its quantitative analyses."
101,OUT,"Although the paper mentions “drought resilience” conceptually for microbial biomass, it quantitatively analyzes decomposition (kN) and Tea Bag Index parameters (ki, S) without explicitly defining or using them as resilience/proxies for resilience or computing any resilience metric."
126,IN,"The study explicitly quantifies resilience to extreme climatic events using a defined formula (Equation 3) based on ANPP in non-ECE, ECE, and post-ECE years and analyzes its effects on ANPP stability."
214,IN,"The study explicitly quantifies demographic resilience by calculating transient metrics of resistance, compensation, and recovery (e.g., first-step/maximal attenuation, reactivity/maximal amplification, damping ratio, period of oscillation) from matrix population models and analyzes these results."
238,OUT,"Although “resilience” is mentioned conceptually (e.g., species richness as “therefore resilience”), the quantitative analysis only computes species richness/propagule input via explicit equations and does not quantify resilience or an explicit proxy stated as such."
124,IN,The study quantitatively defines and computes network “restore robustness” as resilience (Eqs. 5–6) and reports resilience-related robustness results before and after optimization.
1084,IN,The study explicitly quantifies “physiological resilience” to heat shock and desiccation using recovery of PSII maximum quantum yield (Fv/Fm) after stress treatments and reports statistical results comparing resilience across populations.
1189,IN,"The study explicitly quantifies ecological resilience and invasion resistance by assigning numeric R&R indicator classes (1–10) to climate regimes and mapping/analyzing changes and relationships (e.g., cheatgrass cover, burn probabilities) using these computed indicators."
163,OUT,The paper quantifies temporal stability (inverse CV) and pollinator synchrony/asynchrony (Loreau & de Mazancourt index) but does not explicitly define or compute resilience (or a stated proxy for resilience) in its quantitative analysis.
191,IN,The study explicitly quantifies resilience by calculating RLDC and RSDC (ratios of LVP/SVP to degraded patch coverage) from UAV images “to measure the resilience of various patches” and analyzes these metrics statistically.
187,OUT,"Although resilience is mentioned conceptually (for example, “suggesting strong functional resilience” and “consistent with community-level resilience”), the study does not explicitly compute or use a quantitative resilience index/metric as part of its analysis."
9,OUT,"Resilience is only mentioned conceptually (e.g., “stable and resilient state”) and no resilience metric/proxy is explicitly defined or quantitatively computed as resilience in the analysis."
153,IN,The study explicitly defines resilience as the ability to restore steady state after disturbance and quantitatively computes it using the NDVI change-trend (Slope) with significance testing to identify “resilience patches” used in analysis.
226,IN,"The study explicitly evaluates forest resilience by quantitatively comparing equilibrium tree densities and extirpation thresholds across fire regimes, using equilibrium density (computed from simulations) as a proxy for fitness/resilience outcomes."
137,IN,"The study explicitly quantifies resilience as the VORS model component R (ecosystem resilience), assigns numerical resilience values by land use (Table 2), and uses it in the ecosystem health index formula EHI = (V×O×R×S)^(1/4) to compute results."
1117,IN,"The paper explicitly defines and computes an operational index of short-term retrospective resilience as 1/¯D (inverse of median absolute NDVI change intensity) for each habitat scale domain and reports the resulting resilience estimates (e.g., Table 6)."
42,IN,"The study explicitly quantifies ecological resilience via a defined ecological resilience index (ERI) with equations (e.g., ERIt=(ECO+NPP)/2 and ERIa=(ECO+Ws+Wt+(1−Chl-a))/4) and uses it in the vulnerability framework (EVI=ESI+(1−ERI))."
92,OUT,"Although resilience is mentioned conceptually (e.g., soil seed bank as important for vegetation resilience), the study only quantifies seed bank/vegetation metrics and similarity (Sorensen Js) without explicitly defining or calculating resilience or a stated proxy for resilience."
84,IN,"The study explicitly calculates drought resilience indices (Rt, Rc, Rs, RelRs, recovery period, total growth reduction, recovery rate) following Lloret et al. (2011) for the 2005 and 2012 droughts and reports results comparing species and sites."
112,IN,The study explicitly quantifies tourism socio-ecological system resilience (TSESR) by constructing an index and calculating resilience values using an Improved-TOPSIS method with stated formulas (including Ci as the TSESR value) and reports spatiotemporal results.
269,IN,The study quantitatively computes drought “resistance” and postdrought “recovery” (within a resilience framework) by normalizing GAM-predicted peak-drought and recovery values to baseline and analyzes their nonlinear relationship and thresholds via threshold regression.
109,OUT,"Although “reef resilience” is discussed conceptually, the quantitative analyses model bleaching susceptibility/resistance and coral growth dynamics without defining or computing a resilience metric/index as such."
227,IN,The study explicitly quantifies resilience by calculating oxic–anoxic and anoxic–oxic tipping point positions and effect sizes of trait variation on these tipping points as a resilience metric.
85,OUT,"Although “recovery resilience” is mentioned conceptually, the quantitative analyses model kelp cover as a function of temperature and sea urchins and do not define or compute any resilience metric/proxy as such."
230,IN,"The study explicitly quantifies ecosystem resilience using computed network efficiency and network eco-efficiency (NEE) under cascading-failure disturbance scenarios with defined equations (e.g., E and NEE) and reports resilience-related results (e.g., resilience increases when dryland increases by >20%)."
98,IN,"The Methods explicitly quantify ecosystem resilience (RI = 1-δ from an ARx model) and compute a stability index (ESI = RI/(1+VSI)) with reported resilience results (e.g., mean resilience 0.38)."
228,IN,The study explicitly quantifies reef resilience/recovery potential by computing a numeric Recovery Index (RI) using the TOPSIS method with stated equations (1–7) and reports RI results/rankings across sites.
254,OUT,"Although resilience is discussed conceptually, the quantitative analysis measures burn-severity landscape metrics and distance to seed source without explicitly defining or computing resilience (or a stated proxy) as an index/method with results."
6,IN,"The study explicitly quantifies resilience components (ANPP resistance, recovery, and long-term invariability) using stated mathematical formulas and analyzes their predictors and results."
1074,IN,"The study explicitly defines resilience as mean herbivore biomass and provides equations (e.g., eqns 5–9) to calculate equilibrium mean biomass under static vs rotational MPAs, reporting results comparing strategies."
80,IN,"The Methods explicitly quantify drought resilience using Lloret et al. (2011) resilience indices (Rt, Rc, Rs) with given formulas and report results for resilience (Rs) in relation to drought and pathogen effects."
777,OUT,"Although the paper discusses “high carbon resilience” conceptually, it does not define or compute any resilience metric/index or explicitly state that any quantified variable is a proxy for resilience."
218,IN,The Methods explicitly quantify drought resilience using standardized impact (I) and recovery rate (RR) as proxies for ecological resilience with given formulas and analyze these metrics across overstory functional groups.
581,IN,The study explicitly treats predicted recovery time (derived from modeled annual rate of change in sagebrush cover after well-pad disturbance) as an indicator/proxy for resilience and computes it quantitatively across the landscape.
373,OUT,"Although the paper discusses drought resilience conceptually, it quantitatively analyzes phenotypic plasticity (RDPI) and ecotypic differentiation of traits under drought without explicitly defining or computing resilience (or a stated proxy) as an outcome/predictor."
237,OUT,"Although resilience is mentioned conceptually, the study does not explicitly quantify resilience or state/use any measured variable as a proxy for resilience in its quantitative analyses."
1110,OUT,"Although resilience is discussed conceptually (e.g., inferred from long-lasting treatment effects), the study does not define or compute any quantitative resilience metric/index or explicitly use a measured variable as a stated proxy for resilience."
54,OUT,"Although the paper states the microbiome showed “high resilience to disturbance,” it does not define or compute any resilience metric/index or use a quantified resilience proxy in analyses."
751,OUT,"Resilience is only mentioned conceptually (e.g., “community stability and resilience”) while the quantitative analyses compute network metrics and pollinator-attraction indices/thresholds without explicitly defining or calculating resilience (or a stated proxy) as an outcome or predictor."
251,OUT,"Although resilience is discussed, the quantitative analyses measure seed removal, organism abundances, and path coefficients without defining or computing a resilience metric/index or explicitly using a stated proxy for resilience."
229,OUT,"Although resilience is discussed conceptually (e.g., “reference condition for resilient post-fire recovery”), the study quantitatively analyzes regeneration/biomass/fuels without defining or computing a resilience metric or explicit proxy as resilience."
260,IN,"The study explicitly quantifies farmland ecosystem resilience (FER) using a defined DR-based indicator system and provides equations (1–2) to calculate FER and related components with reported results (e.g., FER trend and AV)."
1034,OUT,The paper quantifies fish species tolerance to human pressures (with formulas and indices) but does not explicitly measure or use any variable as resilience or a stated proxy for resilience in its quantitative analysis.
768,IN,The study explicitly frames compositional change after disturbance as community resilience and quantitatively computes post- vs pre-disturbance response metrics (Bray–Curtis dissimilarity and richness) transformed into Hedges g with an explicit formula and modeled against predictors.
989,OUT,"Although metrics include FishBase “resilience” categories (e.g., densities of individuals with high/medium resilience), the paper does not explicitly frame these as quantified resilience or proxies for resilience nor compute a resilience index/method within a resilience framework."
23,OUT,"Although “resilient/resilience” is mentioned conceptually, the study quantifies predator-exclusion effects on community variables and thresholds (e.g., grazer density) but does not define, compute, or use any numerical resilience metric/proxy as resilience in its analyses."
178,IN,"The study explicitly quantifies ecological resilience by constructing an ER index system (resistance, adaptability, recovery) and calculating city-level ER scores using the entropy method with provided equations and reported results."
195,OUT,"Although resilience is discussed conceptually (e.g., forests being resilient by returning to a pre-disturbance state vs transitioning to an alternative stable state), the study does not compute or use any explicit resilience metric/index or state it uses a quantified proxy for resilience."
256,IN,"The study explicitly quantifies resilience as “ability to recover from disturbance” using computed recovery metrics (damping time, T0, Thalf) derived from simulations and compares them between climatic centre and edges."
33,OUT,"The paper quantifies reef state shifts and transition probabilities but does not explicitly define, compute, or use any resilience metric/proxy as “resilience” within a resilience framework."
493,IN,"The Methods explicitly define and compute quantitative resistance and resilience indices (e.g., resilience = (Drecovery − Arecovery)/Arecovery) and report results for these metrics across ecosystem functions and multifunctionality."
267,IN,The Methods explicitly define and compute resilience as the slope of the ln-response ratio (treatment/control) over time and report resilience results for functional and energy flux stability.
139,OUT,"Although the paper discusses resilience conceptually (as stability/resistance/recovery) and quantifies cover, FDis, WUE, and tipping points, it does not provide a mathematical expression/index/method that explicitly computes “resilience” or states any measured variable is a proxy for resilience."
257,IN,The study explicitly quantifies drought resilience via computed resistance (maximum perennial grass cover loss relative to a no-drought control) and recovery (time to regain 80% of control cover) and reports results across scenarios.
87,IN,"The paper explicitly assesses ecological network resilience using a cascade failure model under four disturbance scenarios and quantifies it via defined network metrics with equations (e.g., connectivity robustness, global efficiency, natural connectivity) and reports scenario-specific resilience changes and collapse thresholds."
90,IN,"The Methods explicitly define and compute ecological network resilience using the largest connectivity subgraph S = n/N (and a combined normalized resilience R from S and network efficiency E) under simulated disturbance/attack scenarios, and report resilience thresholds and comparative impacts of NPAs vs NUPAs."
141,OUT,"Although the paper discusses forest “resistance and resilience” conceptually, it quantitatively models tree growth responses to climate anomalies and neighbourhood crowding without defining or calculating any resilience metric or explicit proxy for resilience."
63,OUT,"Although resilience is discussed conceptually (e.g., “weakening of resilience” and “To enhance resilience”), the study does not define or compute any quantitative resilience metric/index or explicitly use a quantified proxy for resilience in its analyses."
89,OUT,"The paper quantifies network robustness/connectivity (e.g., global communication efficiency EG and robustness RG under edge-based attacks) but does not explicitly define or compute “resilience” or state any measured variable is a proxy for resilience."
58,OUT,"Although the paper mentions “ecosystem resilience” conceptually, it only quantifies river health via the AquaShan Index and does not explicitly compute or use a resilience metric/proxy as such."
65,IN,The study explicitly quantifies “structural resilience” by mathematically identifying networks where at steady state a species returns to a perturbation-independent setpoint (Z = k) via an RPA polynomial/Gröbner-basis method and reports counts of structurally resilient networks.
1097,IN,"The Methods explicitly quantify community resilience as return rate to equilibrium after perturbation using the absolute value of the dominant eigenvalue of the Jacobian at equilibrium, and report resilience results across network structures."
91,OUT,"Although “resilience” is mentioned conceptually (e.g., functional diversity declines “could erode ecosystem resilience”), the study only quantifies biodiversity/trait metrics (e.g., TRic, PRic, FRic, Rao’s entropy) and does not explicitly define or compute resilience (or a stated proxy) as an index or predictor."
143,OUT,"Although it mentions a “comprehensive ecological resilience surface,” the study only constructs ecological security patterns (sources/resistance/corridors) and does not explicitly quantify resilience or state any measured variable is a proxy for resilience."
252,OUT,"Although resilience is discussed conceptually (e.g., “seagrass resilience depends on…microbiota”), the study quantitatively analyzes leaf growth and microbial metrics without defining or computing any resilience index/proxy as such."
104,IN,The paper explicitly frames recruitment as an “indicator of resilience” and quantitatively measures recruitment (recruits/0.25 m2) as that proxy via GLMM analyses.
43,OUT,"This is a News & Views piece that conceptually discusses Blake et al.’s resilience quantification (as system ‘potential’) but does not itself present a mathematical expression, compute a resilience index, or report original resilience calculations."
181,OUT,"Although the paper discusses “resilience” conceptually, it quantitatively analyzes ecosystem/network stability (e.g., modularity, edges/nodes, avgCC) without explicitly defining or computing a resilience metric/proxy as resilience."
170,IN,The study explicitly quantifies resistance and “resilience” (as change in community synchrony after invasion) using a defined variance ratio (VR) metric and compares pre- vs post-invasion VR to compute resilience results.
273,OUT,"Although resilience is mentioned conceptually, the quantitative analysis only computes drought “legacy effects” (growth residuals after extreme events) and does not explicitly define or calculate resilience or a stated proxy for resilience."
266,OUT,"Although resilience is discussed conceptually (e.g., as recolonization) and recovery-related variables are analyzed, the study does not explicitly compute or use a quantitative resilience metric/index as “resilience” (or a stated proxy) in its analyses."
232,IN,The study explicitly quantifies resilience as a PSR criterion layer using a standardized NDVI slope (linear regression) metric (Eq. 3) and reports resilience-layer results.
160,IN,The study explicitly defines resilience as recovery of response variables to pre-fire levels within a time period shorter than the mean fire return interval and quantitatively evaluates postfire recovery times of biogeochemical and pollen proxies relative to fire return intervals.
